testTypeId,questionText,optionA,optionB,optionC,optionD,correctAnswer,explanation,cefrLevel,difficulty,grammarTopic,testSetId
focus-form,"Man: Do you ___ some bread?Woman: Yes, please.",want,wants,to want,wanting,A,เจอ Do ข้างหน้า → ตามด้วยกริยาช่อง 1 เสมอ (want ไม่ต้องเติม s ไม่ใส่ to ไม่เติม ing)    ** หลัง Do ต้องใช้กริยาช่อง 1 ปกติ  (want คือกริยาช่อง 1) เลยต้องตอบ want ที่ไม่ต้องเติม -s และไม่ต้องเปลี่ยนรูปเป็น wants/wanted ด้วย,A2,medium,Present Simple,15
focus-form,"Man: Is Nok here now?Woman: No, ___ at the clinic every Friday.",she is working,she would work,she works,she work,C,every Friday (ทุกวันศุกร์) เป็นกิจวัตรประจำ → ใช้ present simple และประธานเอกพจน์ต้องเติม s เป็น she works (she work ผิด)   ** ตอบ she works (เพราะมี every Friday บอกว่าเป็นกิจวัตรประจำวัน) -->  เลยต้องใช้กริยาช่อง 1 เติม -s ตามประธานเอกพจน์ (she works ถึงจะถูก ส่วน she work ผิดเพราะไม่ได้เติม -s),A2,medium,Present Simple,15
focus-form,Man: What do they usually ___ on Sunday morning?Woman: They play badminton.,do,doing,done,did,A,"เจอ do ในคำถาม → หลัง do ต้องเป็นกริยาช่อง 1 เสมอ (doing, done, did ไม่ใช่ช่อง 1)",A2,medium,Present Simple,15
focus-form,People do ___ always sleep eight hours a night.,not,no,never,none,A,"เจอ do → ถ้าจะปฏิเสธให้ใส่ not ต่อทันทีเป็น do not (do no, do none ผิด และ never ต้องวางไว้หน้า do)",A2,medium,Present Simple,15
focus-form,"Woman: Can I use your car this evening?Man: Sorry, I ___ have time tonight.",can’t,won’t,don’t,didn’t,C,เจอ I → ปฏิเสธปัจจุบันต้องใช้ don't (don't have = ไม่มี),A2,medium,Present Simple,15
focus-form,Man: Nan ___ the dentist every year.Woman: Maybe I should make an appointment too.,saw,sees,seen,seeing,B,เจอ every year (ทุกปี) และประธานเอกพจน์ Nan → กริยาต้องเติม s เป็น sees,A2,medium,Present Simple,15
focus-form,"Woman: ___ your father speak English?Man: Yes, just a little.",Do,Does,Have,Has,B,your father เป็นเอกพจน์ → คำถาม present simple ใช้ Does นำหน้า แล้วตามด้วยกริยาช่อง 1 (speak),A2,medium,Present Simple,15
focus-form,"Woman: Can I use your pen, Ploy?Man: Sorry, I ___ have mine today.",didn't,hasn't got,won't,don't,D,เจอ I → ปฏิเสธปัจจุบันใช้ don't (didn't ใช้เล่าเรื่องอดีต เช่น เมื่อวาน),A2,medium,Present Simple,15
focus-form,Man: You look happy here!Woman: I have worked in Japan for six years.Man: And do you ___ the food there?,like,live,love,stay,A,เจอ do you → ต้องตามด้วยกริยาช่อง 1 (like = ชอบ) live และ stay ใช้กับที่อยู่ ไม่ใช่กับอาหาร,A2,medium,Present Simple,15
focus-form,Every morning the farmer ___ fresh milk to the market.,take,takes,taking,took,B,เจอประธานเอกพจน์ the farmer + กิจวัตรประจำ → กริยาต้องเติม s เป็น takes,A2,medium,Present Simple,15
focus-form,"Boy: Have you seen Dao? Girl: Sorry, I don't know where she ___ now.",is,was,been,being,A,เจอ don't know where + ___ → ใช้ is เพราะถามตำแหน่งตอนนี้,A2,medium,Present Simple,15
focus-form,"Woman: Is your brother ___ TV right now? Man: No, he isn't. He's reading.",watch,watches,to watch,watching,D,เจอ Is + คน + ___ → ต้องต่อด้วย -ing เพราะถามสภาพที่กำลังเป็นอยู่ตอนนี้,A2,medium,Present Continuous,15
focus-form,Boy: Why ___ you joining us for volleyball tomorrow? Girl: I'm just too busy.,haven’t,aren’t,don’t,can’t,B,เจอ Why ___ you + กริยา -ing → ปฏิเสธด้วย aren't (you คู่กับ are),A2,medium,Present Continuous,15
focus-form,Woman: What kind of films ___ you watching these days? Man: Mostly documentaries.,Are,Do,Is,Were,A,เจอ What kind of ___ you → ประธาน you ต้องคู่กับ are (Are you watching) — is ใช้กับเอกพจน์,A2,medium,Present Continuous,15
focus-form,"Woman: Sorry I missed the meeting. Man: What happened? Woman: Oh, I ___ so ill yesterday that I stayed in bed.",feel,felt,feels,feeling,B,เจอ yesterday ที่เป็นอดีต → กริยาต้องเปลี่ยนเป็น felt (feel มี ed เพิ่ม),A2,medium,Past Simple,16
focus-form,Boy: When ___ your sister start her new job? Girl: About three months ago.,did,will,was,does,A,เจอ When ___ + กริยาช่อง 1 และคำตอบเป็นอดีต → ใช้ did นำหน้า (When did...?),A2,medium,Past Simple,16
focus-form,"Man: Did you go to the concert last night? Woman: Nope, I ___ exhausted after work.",am,were,was,did,C,"เจอ I + กริยาที่เป็นอดีต → ใช้ was เสมอ — were ใช้กับ you, we, they",A2,medium,Past Simple,16
focus-form,"Woman: Sorry I didn't come to your class. Man: What happened? Woman: Oh, I ___ a headache, so I went home early.",felt,feel,feels,feeling,A,เจอประโยคเล่าเรื่องที่ผ่านไปแล้ว → ใช้ felt (feel เป็นอดีต),A2,medium,Past Simple,16
focus-form,"Man: It's stuffy in here. Woman: Actually, I ___ that window ten minutes ago.",opened,opening,had opened,was opening,A,เจอเวลา ago ที่กริยาเสร็จแล้ว → ใช้กริยาช่อง 1 ปกติ (opened),A2,medium,Past Simple,16
focus-form,Woman: Which place did you ___ last Saturday? Man: A night market near the station.,go,been,went,going,A,เจอ ___ + เวลาในอดีต แล้วคำตอบเป็นสถานที่ → ต้องเป็นกริยาช่อง 1 (go),A2,medium,Past Simple,16
focus-form,Man: I ___ to Japan last March. Woman: Nice! You always travel.,go,I'll go,went,I've been,C,เจอ last March ที่ผ่านมาแล้ว → ต้องใช้กริยาช่อง 2 went (go เปลี่ยนเป็น went),A2,medium,Past Simple,16
focus-form,"Man: ___ you take a Thai cooking class last month? Woman: No, I never did.",Did,Are,Have,Were,A,เจอ last month ที่เป็นอดีตแล้ว → คำถามต้องขึ้นต้นด้วย Did แล้วตามด้วยกริยาช่อง 1,A2,medium,Past Simple,16
focus-form,"Man: Has Ben ___ you the new classroom rules yet? Woman: Yes, he sent them this morning.",give,gave,given,giving,C,เจอ has ___ + กรรม + คำนาม → ใช้ given (เขาให้...แล้ว),A2,medium,Present Perfect,16
focus-form,Woman: Which city do you call home? Man: Chiang Mai. I ___ here since 2019.,live,lived,have lived,was living,C,เจอ since + ปีที่ยังดำเนินต่อมาถึงปัจจุบัน → ใช้ have + กริยาช่อง 3 (have lived),A2,medium,Present Perfect,16
focus-form,Man: When did you notice ___ your phone? Woman: When I went to pay at the shop.,you lost,you lose,you’d lost,you have lost,C,เจอ When did you notice + กรรม → ใช้ you'd lost (ตอนนั้นคุณทำหายไปแล้ว),A2,medium,Past Perfect,16
focus-form,"Man: Do you know Ploy? Woman: Yes, we first met about three weeks ___.",ago,past,away,since,A,เจอระยะเวลาในอดีต + ___ → ใช้ ago (สามสัปดาห์ก่อน),A2,medium,Time Expressions,16
focus-form,"Man: Do you know Suchada? Woman: Yes, we first met a few years ___ at a conference.",ago,past,away,since,A,เจอจำนวน + คำบอกเวลา ___ → ใช้ ago (ไม่กี่ปีก่อน) — past ใช้บอกเวลาที่ผ่านมา ไม่ต่อท้ายด้วยจำนวน,A2,medium,Time Expressions,16
focus-form,Man: Look at all those mangoes!Woman: I think ___ a juice for the kids.Man: That sounds delicious!,I make,I'll make,I've made,I was making,B,เจอ I think ___ → ใช้ I'll + กริยาช่อง 1 เพื่อบอกแผนจะทำ (I'll make),A2,medium,Future Forms,16
focus-form,Woman: I can't go to the concert this weekend. Man: What ___ instead? Woman: I'm not sure yet.,do you do,will you do,have you do,were you doing,B,เจอ What ___ instead → ใช้ will you do (จะทำอะไรแทน),A2,medium,Future Forms,16
focus-form,Girl: How will you spend your Sunday?Boy: I ___ to the beach with my cousin.,go,went,will going,am going,D,เจอคำถามว่าจะทำอะไรในวันหยดดี → ใช้ am/is/are + going + กริยา,A2,medium,Future Forms,16
focus-form,"Woman: Excuse me, how far is ___ from the train station?Man: Only two blocks.",it,that,this,there,A,"เจอ ""How far is..."" ถามระยะทาง:
ต้องใช้คู่กับ it เสมอ (ท่องไว้: How far is it?)
ตัดตัวเลือกอื่นทิ้งได้เลย เพราะ this/that เอาไว้ชี้ของ, ส่วน there เอาไว้บอกสถานที่ ไม่ใช่ประธานของประโยคนี้",A2,medium,Pronouns & Possessives,17
focus-form,"Boy: Do you like this new movie?Girl: No, ___ too scary for me.",they’re,it’s,that’s,this is,B,การใช้ pronoun + be verb เพื่ออ้างถึงคำนามเอกพจน์ (the movie → it).,A2,medium,Pronouns & Possessives,17
focus-form,"Woman: Did you and Mai go to the concert last Saturday?Man: No, ___ couldn't go. Mai was sick.",she,they,we,I,C,เจอคำถามรวมตัว (you and...) ต้องใช้ we (เพราะหมายถึง ฉัน + อีกคน),A2,medium,Pronouns & Possessives,17
focus-form,"Man: Are ___ any biscuits in the box?Woman: Sorry, my brother ate them all.",they,this,it,there,D,เจอ Are ___ any → ต้องเติม there เป็น Are there any... (แปลว่า มี...ไหม),A2,medium,Pronouns & Possessives,17
focus-form,"Woman: Is ___ any juice left in the fridge?Man: Yes, about half a glass.",it,here,that,there,D,เจอ Is ___ any → ต้องเติม there เป็น Is there any... (มีไหม),A2,medium,Pronouns & Possessives,17
focus-form,Woman: How far is ___ from my hotel to the museum?Man: About fifteen minutes on foot.,it,that,there,this,A,"เจอ How far is ___ → ต้องเติม it เสมอ (that, this ใช้บอกของที่เห็น ไม่ใช่ระยะทาง)",A2,medium,Pronouns & Possessives,17
focus-form,"Mr. Somchai lives in Chiang Mai with ___ son, Nit.",his,her,their,our,A,เจอประธานผู้ชาย ___ son → ใช้ his (ของเขา),A2,medium,Pronouns & Possessives,17
focus-form,"Man: Whose is that new laptop? Woman: Actually, it's ___. Man: Lucky you.",theirs,mine,yours,hers,B,เจอคำถาม Whose แล้วตอบด้วยคำของตัวเอง → ใช้ mine (ของฉัน),A2,medium,Pronouns & Possessives,17
focus-form,Woman: Who bought that poster? Man: My cousin gave it to ___ last weekend.,me,my,mine,myself,A,เจอ gave it to ___ → ต้องเป็นกรรมรูป object คือ me,A2,medium,Pronouns & Possessives,17
focus-form,"Man: Nice painting! Woman: Thanks, I painted it ___ last weekend.",myself,me,my me,my,A,เจอกริยาที่ทำด้วยตัวเอง + สรรพนามท้ายประโยค → ใช้ myself,A2,medium,Pronouns & Possessives,17
focus-form,Woman: Do you still live with your family? Man: Not any more. I live by ___ in a small flat.,my own,me,myself,mine,C,เจอ by ___ → ใช้ myself ในวลี by myself = คนเดียว ดูแลตัวเอง,A2,medium,Pronouns & Possessives,17
focus-form,"Woman: I think I've lost my house keys. Man: Don't worry, I'll get ___ from the office for you.",it,them,some,ones,B,เจอ get ___ เมื่อมีหลายชิ้น → ใช้ them (ไปเอากุญแจมาให้ทั้งหมด),A2,medium,Pronouns & Possessives,17
focus-form,"Man: Is this your camera bag? Woman: Yes, it is ___ bag. I bought it last month.",him,his,he,himself,B,เจอ it is ___ + คำนาม → ใช้ his (ของเขา),A2,medium,Pronouns & Possessives,17
focus-form,Man: Whose are these keys on the desk? Woman: They're ___. I left them here this morning.,his,mine,ours,yours,B,เจอคำตอบของคำถาม Whose → ต้องเป็นของผู้พูด คือ mine,A2,medium,Pronouns & Possessives,17
focus-form,Woman: I'm going hiking on Friday and I have no walking shoes. Man: Would you like to take ___?,my,me,mine,mines,C,เจอ take ___ แบบขอยืมของ → ต้องเป็น mine (ของฉัน),A2,medium,Pronouns & Possessives,17
focus-form,Man: This is ___ lovely garden near my house.Woman: Really? It's very quiet.,a,the,some,an,A,"เจอสิ่งของ 1 ชิ้น ที่พูดถึงครั้งแรก:
เลือก a (นำหน้าคำที่ขึ้นต้นด้วยเสียงพยัญชนะ เช่น a lovely garden, a cat)
ถ้าขึ้นต้นด้วยเสียงสระ (a, e, i, o, u) ให้เปลี่ยนเป็น an",A2,medium,Articles & Determiners,17
focus-form,"Man: Nobody passed the exam. Woman: Honestly, it's ___ surprise to me.",none,no,any,not,B,เจอ it's ___ + คำนาม → ใช้ no (ไม่แปลกใจเลย),A2,medium,Articles & Determiners,17
focus-form,Teacher: How many poems have you read this term?Student: None - I haven't read ___.,some,none,few,any,D,เจอ haven't + ___ → ใช้ any ในประโยคปฏิเสธ,A2,medium,Quantifiers,18
focus-form,Our family saves a lot ___ money for travel every year.,for,on,of,with,C,เจอ a lot ___ + คำนาม → ใช้ of เสมอ (a lot of money),A2,medium,Quantifiers,18
focus-form,"Server: Would you like ___ tea with your meal?Customer: Yes, please.",some,a,any,the,A,เจอ Would you like ___ → ต้องเป็น some แปลว่าอยากได้บ้างไหม,A2,medium,Quantifiers,18
focus-form,Man: Do you know how ___ a taxi from the airport to the city costs?Woman: Around 300 baht.,many,much,a few,a lot of,B,เจอ how ___ ... costs → ใช้ much เพราะ cost เป็นคำกริยา,A2,medium,Quantifiers,18
focus-form,"Woman: Are you hungry?Man: No thanks, I've had ___.",any,some,much,enough,D,เจอ I've had ___ → ใช้ enough แปลว่าอิ่มแล้วพอ (ฉันกินพอแล้ว),A2,medium,Quantifiers,18
focus-form,Woman: ___ of my classmates can play the guitar. Man: Neither can mine.,No one,Nobody,No,None,D,เจอ ___ of + คำนามพหูพจน์ แล้วตอบด้วย Neither → ใช้ None (ไม่มีใครเลย),A2,medium,Quantifiers,18
focus-form,Woman: We have no eggs left. There isn't ___ to make a pancake.Man: Shall I get some from the shop?,enough sugar,sugar enough,enough of sugar,few sugar,A,เจอ There isn't ___ + กริยา → ใช้ enough + คำนาม (ไข่ไม่พอ),A2,medium,Quantifiers,18
focus-form,Boy: Is that your new game console? Girl: Not really. Is there ___ else you like?,anything,one thing,everything,another thing,A,เจอ ___ else ในคำถามที่ปฏิเสธ → ใช้ anything (มีอย่างอื่นไหมบ้าง),A2,medium,Quantifiers,18
focus-form,"Man: Shall I bring some snacks?Woman: That is kind, but I don't need ___.",it,something,one,anything,D,เจอ don't need ___ → ใช้ anything ในประโยคปฏิเสธ (ไม่ต้องการอะไรเลย),A2,medium,Quantifiers,18
focus-form,Man: Shall we cook at home tonight? Woman: Sure. ___ plan works for me.,All,Both,Every,Either,D,เจอคำถามที่เสนอสองอย่าง → ใช้ Either (อย่างใดอย่างหนึ่งก็ได้),A2,medium,Quantifiers,18
focus-form,"Man: Do both classrooms have whiteboards? Woman: Unfortunately, ___ has a whiteboard.",any,either,neither,both,C,เจอ ___ of them + ปฏิเสธทั้งสองข้าง → ใช้ neither (ไม่มีข้างไหนเลย),A2,medium,Quantifiers,18
focus-form,Boy: What did you do to your hand?Girl: I cut it this morning and it ___ hurts when I wash it.,so,very,quite,really,D,เจอกริยา ___ hurts → ใช้ really (เจ็บมากจริงๆ),A2,medium,Adjectives & Adverbs,19
focus-form,"Man: How did you like your new neighbour? Woman: I found her ___ friendly at first, but she never stops talking.",much,quite,some,enough,B,เจอ found her ___ + คำคุณภาพ → ใช้ quite (ค่อนข้าง),A2,medium,Adjectives & Adverbs,19
focus-form,"Girl: How many times a week do you swim?Boy: Actually, I ___ go swimming. I prefer football.",often,never,always,usually,B,"เจอ Actually, I ___ → ใช้ never (ไม่เคย) เพราะประโยคถัดไปบอกว่าชอบกีฬาอื่นแทน",A2,medium,Adjectives & Adverbs,19
focus-form,"Man: That show was amazing, wasn't it?Woman: Right - it was the finest film I've ___ seen this year.",never,ever,just,already,B,เจอ the finest + I've ___ → ใช้ ever ในประโยคไม่ลบ (ไม่เคยเห็นที่ดีกว่านี้),A2,medium,Adjectives & Adverbs,19
focus-form,Woman: How many days a week do you take the train? Man: I ___ take the train. I ride my scooter every day.,often,never,usually,sometimes,B,เจอคำตอบที่ขัดกับคำถาม → ใช้ never (ไม่เคย) เพราะประโยคถัดไปบอกว่าเดินทางอย่างอื่น,A2,medium,Adjectives & Adverbs,19
focus-form,"Man: Can you help me move the boxes tonight? Woman: I'm absolutely ___ to do it, but I must leave by nine.",will,will be,willing,be willing,C,เจอ absolutely ___ to do it → ใช้ willing (ยินดีทำมาก),A2,medium,Adjectives & Adverbs,19
focus-form,Man: Did you see the boxing match? Woman: Absolutely! It was ___ an amazing fight.,so,that,very,such,D,เจอ ___ + a/an + คำนาม → ใช้ such (such an amazing fight),A2,medium,Adjectives & Adverbs,19
focus-form,Woman: I always ride my motorbike to work. Man: Why? Woman: Because it's ___ than the BTS.,much cheaper,as cheap,more cheap,cheap,A,เจอ ___ than → กริยาความยาวใช้ much ข้างหน้า (much cheaper than),A2,medium,Comparatives & Superlatives,19
focus-form,Girl: Is your brother ___ than you now?Boy: Yes. He grew a lot this year.,taller,the tallest,more taller,tall,A,เจอ ___ than เปรียบเทียบสองคน → ใช้ taller + than,A2,medium,Comparatives & Superlatives,19
focus-form,Man: I really loved that film. Did you? Woman: Not at all - I saw one of the ___ movies of my life.,worst,worse,bad,badly,A,เจอ one of the ___ → ใช้ worst (แย่ที่สุด),A2,medium,Comparatives & Superlatives,19
focus-form,"Man: Shall I show you my present? Woman: No, please don't. It is ___ fun guessing.",more,most,the more,the most,A,เจอประโยคปฏิเสธการเล่า + คำคุณภาพยาวสองพยางค์ → ใช้ more (สนุกยิ่งขึ้น),A2,medium,Comparatives & Superlatives,19
focus-form,"Man: How is your knee after the operation?Woman: It's much ___, thanks. The doctor is happy.",better,best,good,well,A,เจอ much ___ → ใช้ better เป็นคำคุณภาพขั้นเปรียบเทียบ,A2,medium,Comparatives & Superlatives,19
focus-form,"Girl: May I ___ your dictionary until tomorrow?Boy: Of course, no problem.",borrow,borrowed,lend,lent,A,เจอ May I / Could I → ตามด้วยกริยาช่อง 1 (borrow = ขอยืม) ถ้าจะให้ยืมใช้ lend,A2,medium,Modals & Semi-modals,20
focus-form,"Boy: Shall we watch a film tonight?Girl: No, we ___ clean our room first. Guests arrive soon.",might,would,could,should,D,เจอคำแนะนำสิ่งที่ควรทำ → ใช้ should (ควร) — could หมายถึงทำได้ แต่ไม่จำเป็น,A2,medium,Modals & Semi-modals,20
focus-form,"Man: Hello, ___ I talk to Ms. Green, please?Woman: I'm afraid she's out today.",Would,Could,Do,Should,B,เจอ I ___ + กริยา ในคำขออย่างสุภาพ → ใช้ Could I (ขออนุญาตได้ไหม),A2,medium,Modals & Semi-modals,20
focus-form,Man: I've had no sleep for two nights. Woman: In that case you ___ rest at home today.,had to,would best,had better,would better,C,เจอ In that case you ___ → ใช้ had better + กริยาช่อง 1 (ควรจะ...),A2,medium,Modals & Semi-modals,20
focus-form,Woman: That was beautiful! Man: Thanks! ___ you like to hear one more piece?,Should,Do,Would,Will,C,เจอ ___ you like to + กริยา → ใช้ Would (อยากได้ยินไหม),A2,medium,Modals & Semi-modals,20
focus-form,Man: Your soup smells strong. Woman: There ___ be plenty of chili in it. It's very hot!,can,would,must,should,C,เจอ There ___ be + คำนาม → ใช้ must แปลว่าต้องมีแน่ๆ,A2,medium,Modals & Semi-modals,20
focus-form,Man: Why do you look so worried?Woman: My motorbike ___ . I need to go to work.,can’t start,isn’t starting,won’t start,doesn’t starting,C,เจอเรื่องเครื่องยนต์ที่กำลังจะเป็นปัญหา → ใช้ won't start (จะสตาร์ทไม่ได้),A2,medium,Modals & Semi-modals,20
focus-form,Woman: Can you guess what I love about Saturdays? Man: What? Woman: ___ have to wake up early at all.,I don’t,I can’t,I mustn’t,I didn’t,A,เจอประโยคปฏิเสธ have to → ใช้ I don't have to (ไม่ต้อง),A2,medium,Modals & Semi-modals,20
focus-form,"Man: Why don't you drive to the office? Woman: I ___ drive, but the roads are terrible now.",have to,need to,used to,want to,C,เจอ but + สิ่งที่เคยเป็นแบบอดีต → ใช้ used to + กริยาช่อง 1 (เคยขับ),A2,medium,Modals & Semi-modals,20
focus-form,Man: Tell me exactly what you need. Woman: I'd be grateful if you could ___ the report before Friday.,to do,doing,having done,do,D,เจอ if you could ___ → ใช้กริยาช่อง 1 (do) เพราะ if ใช้คู่กับ could เสมอ,A2,medium,Modals & Semi-modals,20
focus-form,"Woman: Please ___ run in the hospital corridor, sir.Man: Sorry, I will walk instead.",no,not,isn’t,don’t,D,please + ___ + กริยา → ถ้าห้ามต้องใช้ don't + กริยาช่อง 1 (don't run = ห้ามวิ่ง),A2,medium,Auxiliaries & Verb Forms,20
focus-form,Woman: I really enjoy the school holidays. Man: Really? So ___ I!,do,am,can,have,A,เจอ So ___ แล้วประโยคหน้ามีกริยาช่อง 1 → ใช้ do I (ฉันก็เหมือนกัน),A2,medium,Auxiliaries & Verb Forms,20
focus-form,Woman: I never miss the night market on Sundays. Man: So ___ I.,do,am,can,have,A,เจอ So ___ ตอบประโยคที่มีกริยาช่อง 1 → ใช้ do I แปลว่า ฉันก็เหมือนกัน,A2,medium,Auxiliaries & Verb Forms,20
focus-form,Waiter: Who wants the tomato soup? Customer: I ___.,did,got,took,made,A,เจอคำถามว่าใครสั่ง แล้วตอบว่าตัวเอง → ใช้ did แทนกริยาที่ถาม (ใช่ ฉันสั่ง),A2,medium,Auxiliaries & Verb Forms,20
focus-form,Woman: How many books ___ you got?Man: About thirty.,do,did,have,are,C,เจอ How many + คำนาม → ต้องเป็น have (How many books have you got?),A2,medium,Auxiliaries & Verb Forms,20
focus-form,"Woman: How is your new job? Man: Fine, but my boss insists that I ___ at the office by nine.",was,am,be,have been,C,เจอ insists that + ประโยค → ใช้ be ช่อง 1 แบบสั่ง (insists that I be),B1,medium,Auxiliaries & Verb Forms,20
focus-form,"Everyone wants ___ speak English well, but some people give up.",for,to,at,by,B,เจอ wants ___ + กริยา → ต้องใส่ to นำหน้ากริยาช่อง 1 (to speak),A2,medium,Gerunds & Infinitives,21
focus-form,Girl: My grandmother let me ___ with her last weekend.Boy: That sounds lovely. Did she cook Thai food?,stay,stayed,to stay,staying,A,เจอ let + คน → ตามด้วยกริยาช่อง 1 เสมอ ไม่ต้องเติม s และไม่ต้องใส่ to (let me stay),A2,medium,Gerunds & Infinitives,21
focus-form,All that noise comes from ___ to fix the old door.,try,trying,tried,tries,B,เจอ comes from → ตามด้วยกริยา + ing เสมอ เพราะบอกที่มาของเสียง (comes from trying),A2,medium,Gerunds & Infinitives,21
focus-form,Woman: Have you finished packing? Man: Nearly - the one thing left ___ is clean the kitchen.,do,done,to do,for doing,C,เจอ the one thing left ___ is + กริยา → ใช้ to do (สิ่งที่เหลือคือ...),A2,medium,Gerunds & Infinitives,21
focus-form,Boy: What did the tutor set?Girl: She ___ us to read chapter five aloud.,gave,told,spoke,talked,B,"เจอ ___ + us + to + กริยา → ใช้ told (สั่ง) — spoke, talked ใช้เรื่องคุย ไม่ใช่สั่งงาน",A2,medium,Gerunds & Infinitives,21
focus-form,"Man: Can you see the birds over there? Woman: Yes, one of them keeps ___ at my window.",look,to look,looking,to looking,C,เจอ keep + ___ → ต้องต่อด้วย -ing เพราะ keep แปลว่าทำอยู่เรื่อยๆ,A2,medium,Gerunds & Infinitives,21
focus-form,"Man: Your sister draws really well, doesn't she?Woman: Her father is a painter, so she can't help but ___ creative.",be,been,to be,being,A,เจอ can't help but ___ → ตามด้วยกริยาช่อง 1 (be) แปลว่า หลีกเลี่ยงไม่ได้ที่จะ...,A2,medium,Gerunds & Infinitives,21
focus-form,Mother: Why were you home so late? Son: I stopped ___ to my cousin at the school gate.,to be talking,have a talk,talking,to talk,D,เจอ stop + ___ → ใช้ to + กริยาช่อง 1 (stop to talk = เปิดจอกับพูดคุย),A2,medium,Gerunds & Infinitives,21
focus-form,"Man: How many points ___ scored in the match last night? Woman: Twenty, they were lucky.",are,were,have been,were being,B,เจอ How many points + last night,A2,medium,Passive Voice,21
focus-form,Woman: What's the name of your new kitten? Man: I think she ___ Moka.,names,named,will name,was named,D,เจอ I think + ประธาน she + กริยาที่เป็นการตั้งชื่อ → ใช้ was named (ถูกตั้งชื่อว่า),A2,medium,Passive Voice,21
focus-form,"Woman: Good afternoon. Can I do anything for you?Man: As a matter of fact, I ___ that you repair mobile phones.",was telling,been told,was told,did tell,C,เจอ I ___ that + ข้อเท็จจริงที่คนอื่นบอก → ใช้ was told (ถูกบอกว่า),A2,medium,Passive Voice,21
focus-form,"Woman: Did you get an invitation to the staff party? Man: No, I ___ invited.",wasn't,hadn't,haven't,isn't,A,"เจอ No, I ___ + กริยาที่เกิดขึ้นแล้ว → ใช้ wasn't (ไม่ได้ถูกเชิญ)",A2,medium,Passive Voice,21
focus-form,My parents ___ a small farm near Chiang Rai.,has,have,had,having,B,เจอประธานพหูพจน์ My parents → ใช้ have ไม่ต้องเติม s,A2,medium,Subject-Verb Agreement,21
focus-form,Man: Is that your class over there? Woman: Neither of the boys ___ in my group.,is,have been,are,were,A,เจอ Neither of + คำนามเอกพจน์ → ใช้ is เพราะ of ทำให้กริยาเป็นเอกพจน์,A2,medium,Subject-Verb Agreement,21
focus-form,"Man: Excuse me, where is the pharmacy?Woman: It's down this lane ___ the left, next to the bank.",by,on,of,at,B,"เจอ ""___ the left / the right"" → ต้องใช้ on เสมอ (on the left = ทางซ้าย)",A2,medium,Prepositions,22
focus-form,Woman: Look! There's Nok!Man: Wow! I haven't met her ___ months.,in,from,since,during,A,เจอ haven't met + เวลาที่ผ่านมานาน → ใช้ in (ไม่ได้เจอเธอมาหลายเดือน) — since ใช้เมื่อบอกจุดเริ่มต้นเวลา,A2,medium,Prepositions,22
focus-form,"Maria and her son live ___ Canada now, but they both miss Thailand.",at,in,on,to,B,ประเทศหรือเมือง → ใช้ in เสมอ (live in Canada) — at ใช้กับสถานที่เจาะจง เช่น at the office,A2,medium,Prepositions,22
focus-form,My cousins often travel ___ the beach in July.,at,to,in,on,B,"เจอคำกริยาแสดงการเคลื่อนที่ เช่น go, travel → ต่อด้วย to (ไปถึงที่นั้น) ไม่ใช่ in หรือ at",A2,medium,Prepositions,22
focus-form,Grandpa always sits ___ that old bench and watches the children play.,at,in,on,to,C,"เจอคำนามที่นั่งบน เช่น bench, chair → ใช้ on นำหน้า (sit on a bench) — in ใช้เมื่ออยู่ในรถหรือในห้อง",A2,medium,Prepositions,22
focus-form,"Man: Where is your father?Woman: He's ___ the kitchen, making lunch.",in,on,under,between,A,บอกตำแหน่งว่าอยู่ในห้อง → ใช้ in — on ใช้กับพื้นผิว เช่น on the table,A2,medium,Prepositions,22
focus-form,"Man: Is your sister looking forward ___ the trip next month?Woman: Yes, definitely!",in,to,at,for,B,เจอ look forward → ต้องต่อด้วย to (look forward to = ตั้งตารอ),A2,medium,Prepositions,22
focus-form,Man: These two jackets look identical!Woman: It's the one ___ my side of the room.,to,in,for,on,D,เจอ the one ___ แล้วเป็นคำบอกตำแหน่ง → ใช้ on (อยู่ฝั่งของฉัน),A2,medium,Prepositions,22
focus-form,Salesperson: Sorry to keep you waiting!Customer: It's OK. I have been standing here ___ about ten minutes.,since,from,for,in,C,เจอ been standing here + เวลาที่รอ → ใช้ for นับเวลา (ยืนมา 10 นาทีแล้ว),A2,medium,Prepositions,22
focus-form,"Woman: Do you know where the bakery is?Man: Go straight, then turn left ___ the big roundabout.",on,at,in,across,B,เจอ turn + ___ + สถานที่ → ใช้ at (หมุนตรงจุดนั้น),A2,medium,Prepositions,22
focus-form,Man: What time does your train leave?Woman: It leaves Bangkok ___ 6:45 in the morning.,on,in,to,at,D,เจอเวลาที่บอกนาฬิกา → ใช้ at (at 6:45),A2,medium,Prepositions,22
focus-form,Teacher: Are you a Brazilian citizen?Student: Not at all - I was born ___ Chile.,in,to,at,on,A,เจอ born ___ + ประเทศ → ใช้ in (เกิดในประเทศนั้น),A2,medium,Prepositions,22
focus-form,"Wife: I can't find my glasses!Husband: Look, they're ___ the coffee table.",on,by,at,in,A,เจอของที่วางอยู่บนผิวตั้ง → ใช้ on (บนโต๊ะ),A2,medium,Prepositions,22
focus-form,"Woman: Look at my sister's new puppy! Man: Oh my, she looks just ___ her.",as,too,like,same,C,เจอ looks just ___ → ใช้ like (เหมือน),A2,medium,Prepositions,22
focus-form,Woman: You look nervous. What's the matter? Man: I'm worried ___ my driving test tomorrow.,to,for,of,about,D,เจอ worried ___ → ใช้ about (กังวลเรื่อง) — of ใช้กับ to be afraid of,A2,medium,Prepositions,22
focus-form,Woman: You look tired. Is everything OK? Man: I'm worried ___ my exams next month.,at,in,about,for,C,เจอ worried ___ → ใช้ about (กังวลเรื่อง),A2,medium,Prepositions,22
focus-form,"Man: How did you get on with Kanya? Woman: Honestly, she struck me ___ a warm person.",so,as,for,like,B,เจอ strike someone ___ → ใช้ as แปลว่า ทำให้รู้สึกว่าเป็น,A2,medium,Prepositions,22
focus-form,Man: What's the best part of your new job?Woman: Mostly ___ my colleagues. They are so kind.,with respect to,in support of,according to,because of,D,เจอ Mostly ___ → ใช้ because of + คน (เพราะเพื่อนร่วมงาน),A2,medium,Conjunctions & Connectors,56
focus-form,"Woman: Would you like your tea with ___ without sugar?Man: With sugar, please.",or,for,but,and,A,เจอ with ___ → ใช้ or เพื่อเสนอสองทางเลือก (with or without),A2,medium,Conjunctions & Connectors,56
focus-form,Nok ___ her cousin are best friends.,but,and,or,because,B,เจอชื่อคน + ___ + ชื่อคน → ใช้ and (และ) — but ใช้เมื่อความหมายตรงข้าม,A2,medium,Conjunctions & Connectors,56
focus-form,"Man: Is your name Ann ___ Anya?Woman: It's Ann, with an 'e' at the end.",or,for,but,and,A,เจอคำที่บอกทางเลือกสองแบบ → ใช้ or เชื่อม (Ann or Anya),A2,medium,Conjunctions & Connectors,56
focus-form,"___ boiling water doesn't kill the germs, boil it for longer.",Because,If,When,Although,B,เจอประโยคเงื่อนไขแบบ if... → ใช้ If นำหน้า (ถ้า...),A2,medium,Conditionals,56
focus-form,"Man: Will you join the party tonight? Woman: Sure - ___ my shift ends at six, I'll come.",if,while,when,unless,A,เจอประโยคเงื่อนไขนำหน้า → ใช้ If (ถ้า...),A2,medium,Conditionals,56
focus-form,"Woman: Why don't we eat out more often? Man: Honestly, if we ___ more money, we'd go twice a week.",had,have,will have,would have,A,เจอ if + ประโยคแบบ we'd... → ใช้ had ในเงื่อนไขที่ไม่จริง (ถ้าเรามีเงินมากกว่านี้),A2,medium,Conditionals,56
focus-form,Rice balls ___ my grandmother makes every festival are very popular.,what,who,that,where,C,เจอคำนาม + ___ + กริยา → ใช้ that เป็นคำเชื่อมขยายคำนาม,A2,medium,Relative Clauses,56
focus-form,"Woman: Do you know Mr. Ito?Man: Is he the man ___ daughter is a vet?Woman: Right, that's him!",who,whom,which,whose,D,เจอ ___ + คำนาม → ใช้ whose (ของใคร),A2,medium,Relative Clauses,56
focus-form,Man: Have you met the chef ______ cooks the best noodles in town?,which,whose,whom,who,D,เจอคำนามคน + ___ + กริยา → ใช้ who (ที่...ซึ่ง),B1,medium,Relative Clauses,56
focus-form,Man: Has the nurse given you any diet advice? Woman: Yes - she told me ___ I put on my plate.,this,that,what,which,C,เจอ told me ___ แล้วเติมประโยคของเรา → ใช้ what (สิ่งที่...),A2,medium,Reported Speech,56
focus-form,Husband: Has Nok said when I should wait at the station? Wife: Yes. She said ___ you at platform two at six.,he met,he meets,he’s met,he’d meet,D,เจอ said + สิ่งที่จะเกิดขึ้นหลังพูด → ใช้ he'd meet (จะมารับ),A2,medium,Reported Speech,56
focus-form,"Woman: Hello, Tui. ___ is your evening going?Man: Pretty good, thanks.",Why,Who,How,Where,C,"เจอคำถามว่าสถานการณ์เป็นอย่างไร → ต้องตอบ How (Where = ที่ไหน, Why = ทำไม, Who = ใคร)  **ตอบ How (เพราะจากโจทย์ถามว่า เย็นนี้เป็นยังไงบ้าง)  เลยต้องใช้ How
 (ส่วน Where, Why, Who ผิดความหมาย เพราะมันหมายถึง ที่ไหน ทำไม และใคร )",A2,medium,Question Forms,57
focus-form,Man: You look pale today. ___ wrong?Woman: I think I have a fever.,How’s,What’s,Are you,What’s the,B,ถามว่าเกิดอะไรขึ้น → ใช้ What's wrong? (Are you wrong แปลว่าคุณผิด),A2,medium,Question Forms,57
focus-form,Nobody can explain exactly ___ this strange machine works.,when,what,why,which,C,เจอ can explain exactly ___ → ถามเหตุผลใช้ why (ทำไม),A2,medium,Question Forms,57
focus-form,Woman: ___ did you get to the airport?Man: My friend drove me there.,What,When,Where,How,D,เจอคำตอบที่บอกวิธีเดินทาง → ต้องถาม How (อย่างไร),A2,medium,Question Forms,57
focus-form,Woman: ___ do you do for a living?Man: I'm a nurse at a small clinic.,How,Where,What,Whose,C,เจอคำถามว่าทำอาชีพอะไร → ใช้ What do you do?,A2,medium,Question Forms,57
focus-form,Woman: There is a blue umbrella by the door. ___ is it?Man: It isn't mine. Maybe it's Mind's.,Who,Whom,Which,Whose,D,เจอของแล้วถามเจ้าของ → ใช้ Whose (ของใคร),A2,medium,Question Forms,57
focus-form,Woman: ___ do you go to the gym?Man: Twice a week.,How long,How far,How often,How,C,เจอคำตอบที่บอกความถี่ → ต้องถาม How often (บ่อยแค่ไหน),A2,medium,Question Forms,57
focus-form,Man: I want to book a flight to Osaka. Woman: Certainly. ___ do you want to travel?,Why,When,Who,Where,B,เจอคำถามเกี่ยวกับตั๋วเดินทาง → ต้องถาม When (อยากบินเมื่อไหร่),A2,medium,Question Forms,57
focus-form,Woman: ___ gloves are these?Man: I don't know. They aren't mine.,Who,Who’s,Whom,Whose,D,เจอของหลายคู่แล้วถามเจ้าของ → ใช้ Whose + คำนามพหูพจน์,A2,medium,Question Forms,57
focus-form,"Girl: The second half was boring. Boy: Me too. Our team didn't score at all, ___?",are they,didn’t they,do they,did they,D,เจอประโยคปฏิเสธในอดีตแล้วเติม ___? → ใช้ did they (จริงไหมว่าไม่ได้) — are they ใช้กับปัจจุบัน,A2,medium,Tag Questions,57
focus-form,"Woman: You speak Japanese, ___ you?",do,don’t,are,aren’t,B,"เจอประโยคบวกแล้วเติม , ___ you? → ตอบด้วย don't you แบบแปลงเป็นปฏิเสธ",A2,medium,Tag Questions,57
focus-form,Man: Her English is amazing. I can't get ___ how well she sings!Woman: She's been training for years!,by,after,over,between,C,เจอ can't get ___ + how → ใช้ over แปลว่า เข้าใจไม่ได้ว่าทำไมถึง...,A2,medium,Phrasal Verbs,58
focus-form,Woman: You look cold! Man: That storm was so bad - it almost blew my cap ___.,out,off,on,down,B,เจอคำกริยา blew + ___ → ใช้ off แปลว่าลอกหลุดไป (พังงันปล่อย),A2,medium,Phrasal Verbs,58
focus-form,"Wife: Shall we eat out this evening?Husband: Oh, I'm really tired. Let's eat ___ instead.",in,at,out,about,C,เจอ eat → ต้องต่อด้วย out แปลว่าไปกินข้าวข้างนอก,A2,medium,Phrasal Verbs,58
focus-form,Woman: Why did you choose to ___ a new car?Man: My old one keeps breaking down.,look at,look after,look for,look into,C,เจอ to ___ + สิ่งที่ต้องการหา → ใช้ look for (มองหา),A2,medium,Phrasal Verbs,58
focus-form,Man: It's getting cold in here. Woman: Shall I turn ___ the heater?,on,out,over,off,A,เจอ turn ___ + เครื่องไฟฟ้า → ต้องเปิดใช้ on,A2,medium,Phrasal Verbs,58
focus-form,Woman: My new colleagues are always arguing about the overtime. Should I talk to them?Man: I would ___ out of it.,put,stay,hold,move,B,เจอ I would ___ out of it → ใช้ stay (ไม่ยุ่ง) — move out คือย้ายออกไป,A2,medium,Phrasal Verbs,58
focus-form,"Daughter: Mom, can I use this bag? Mother: Of course, ___ a minute. I still need to clean it.",come by,come up,hang on,hang in,C,เจอ ___ a minute → ใช้ hang on = รอสักครู่ — come by คือแวะผ่านมา,A2,medium,Phrasal Verbs,58
focus-form,Man: Are you getting on with your new tablet? Woman: Not really - I still can't find the buttons. I'm getting ___ it.,use,used,to used,used to,D,เจอ getting ___ it → ต้องเป็น used to (คุ้นเคยกับมัน),A2,medium,Phrasal Verbs,58
focus-form,Man: Any plans for the school party? Woman: Nothing yet - but by Friday we'll ___ with a nice idea.,come up,catch on,give up,end up,A,เจอ we'll ___ with → ใช้ come up with (คิดออก เตรียมไว้),A2,medium,Phrasal Verbs,58
focus-form,"Man: How was your weekend at the beach?Woman: It was short, but my friends and I ___ a great time.",did,had,took,made,B,"เจอ ___ a great time → ต้องเป็น had เพราะสำนวน have/had a great time แปลว่าได้สนุกกันมาก (make, take ไม่ได้ความหมายนี้)",A2,medium,Vocabulary & Collocations,58
focus-form,"Woman: I must catch the last bus now.Man: Take care, and ___ a good night!",get,have,take,make,B,"คำอวยพร ""___ a good night/day/weekend"" → ใช้ have เสมอ (Have a good night!)",A2,medium,Vocabulary & Collocations,58
focus-form,Waiter: Who ordered the lemon tea?Man: I did.Waiter: ___. Enjoy!,Right,Here you are,Who is it?,There,B,เจอพนักงานถือของมาส่งที่โต๊ะ → ตอบ Here you are (แปลว่า ของนี่ครับ/ค่ะ),A2,medium,Vocabulary & Collocations,58
focus-form,"Woman: Can I ___ a note for Tom?Man: Sure, I'll put it on his desk.",say,give,drop,leave,D,leave a note (ฝากโน้ต/ฝากข้อความ) → ใช้คำนี้เท่านั้น (say a note ผิด เพราะ say ใช้กับคำพูด),A2,medium,Vocabulary & Collocations,58
focus-form,Girl: What did you get your cousin for her birthday?Boy: A box of chocolates ___ with shiny paper.,filled,done,made,covered,D,เจอคำนาม + ___ with → ใช้ covered with (ห่อปิดไว้ด้วย),A2,medium,Vocabulary & Collocations,58
focus-form,"Man: Do you know Pim?Woman: She's nice, but she talks very little. Man: Yes, she's really ___.",shy,silly,kind,calm,A,เจอบริบทว่าพูดน้อยมาก → ข้อนี้ต้องเป็น shy (ขี้อาย),A2,medium,Vocabulary & Collocations,58
focus-form,Man: I've been sneezing since this morning. Woman: It sounds as if you might be ___ the flu.,doing,having,feeling,getting,D,เจอ be ___ + โรค → ใช้ getting (กำลังจะเป็น),A2,medium,Vocabulary & Collocations,58
focus-form,Man: What do you ___ in your free time?Woman: I usually cook dinner for my family.,go,try,make,do,D,เจอ What do you ___ → ต้องเป็น do เสมอ เพราะเป็นคำถามกว้างๆ ว่าทำอะไรบ้าง,A2,medium,Vocabulary & Collocations,58
focus-form,Boy: Do you prefer wholegrain toast? Girl: Not at all. I ___ white bread better.,like,want,wanted,eat,A,เจอ ___ + better เปรียบเทียบ → ใช้ like (ชอบมากกว่า),A2,medium,Vocabulary & Collocations,58